<?xml version="1.0" encoding="UTF-8"?>
<?xml-model href="http://www.bbaw.de/telota/Leibniz-TEI/schema/basisformat_ms_leibniz.rng" type="application/xml" schematypens="http://relaxng.org/ns/structure/1.0"?>
<?xml-model href="http://www.bbaw.de/telota/Leibniz-TEI/schema/leibniz-tei-konsistenzpruefungen.sch" type="application/xml" schematypens="http://purl.oclc.org/dsdl/schematron"?>
<?xml-model href="http://www.bbaw.de/telota/Leibniz-TEI/schema/leibniz-tei-konsistenzpruefungen_editor-hinweise.sch" type="application/xml" schematypens="http://purl.oclc.org/dsdl/schematron"?>
<TEI xmlns="http://www.tei-c.org/ns/1.0">
  <teiHeader>
    <fileDesc>
      <xi:include xmlns:xi="http://www.w3.org/2001/XInclude" href="L.xml" xpointer="L_VIII_2_titleStmt" parse="xml"/>
      <xi:include xmlns:xi="http://www.w3.org/2001/XInclude" href="L.xml" xpointer="L_VIII_2_editionStmt" parse="xml"/>
      <xi:include xmlns:xi="http://www.w3.org/2001/XInclude" href="L.xml" xpointer="L_VIII_2_publicationStmt" parse="xml"/>
      <sourceDesc>
        <xi:include xmlns:xi="http://www.w3.org/2001/XInclude" href="L.xml" xpointer="L_VIII_2_biblFull" parse="xml"/>
        <xi:include xmlns:xi="http://www.w3.org/2001/XInclude" href="L.xml" xpointer="L_VIII_2_listWit" parse="xml"/>
      </sourceDesc>
    </fileDesc>
    <xi:include xmlns:xi="http://www.w3.org/2001/XInclude" href="L.xml" xpointer="L_VIII_2_encodingDesc" parse="xml"/>
    <profileDesc>
      <langUsage>
        <language ident=""/>
      </langUsage>
      <textClass source="#Leibniz-keywords">
        <classCode scheme=""/>
      </textClass>
      <textClass source="#Leibniz-text-type">
        <classCode scheme="">Handschrift</classCode>
      </textClass>
    </profileDesc>
    <revisionDesc status="draft">
      <change when="2019-04" who="#textloop" status="draft"/>
    </revisionDesc>
  </teiHeader>
  <text>
    <body xml:id="Document"><div type="section" xml:id="Ch34.S4" n="344"><head>34<hi rendition="#sub">4</hi>.
ESSAI DE QUELQUES DÉMONSTRATIONS MÉCANIQUES, DU <pb type="VIII_2" n="319"/>FROTTEMENT</head><div type="ueberlieferung"><p><hi rendition="#b #smaller">Überlieferung:</hi><list><item><label><hi rendition="#i #smaller">L</hi></label>
<p><hi rendition="#smaller">Konzept: LH XXXV 9, 11 Bl. 11-14. 2 Bog. 2<hi rendition="#sup">o</hi>. Etwa 2 S. auf Bl. 12 v<hi rendition="#sup">o</hi> bis Bl. 13 v<hi rendition="#sup">o</hi>.
Auf Bl. 11 r<hi rendition="#sup">o</hi> bis Bl. 12 v<hi rendition="#sup">o</hi> (mittig) ist N. 34<hi rendition="#sub">3</hi> überliefert.
Die untere Hälfte von Bl. 13 v<hi rendition="#sup">o</hi> sowie Bl. 14 sind leer.
Auf Bl. 13 r<hi rendition="#sup">o</hi> ist ferner N. 34<hi rendition="#sub">5</hi> überliefert.
Leibniz’ eigenhändige Datierung und Nummerierung der Bogen:
<hi rendition="#i">Frottement part. (4) May 1675</hi> am oberen Rand von Bl. 11 r<hi rendition="#sup">o</hi>;
<hi rendition="#i">Frottement (5) part. May. 1675</hi> am oberen Rand von Bl. 13 r<hi rendition="#sup">o</hi>.
Gleicher Wasserzeichentypus auf Bl. 11 und Bl. 14.</hi></p><p><hi rendition="#smaller">Cc 2, Nr. 965 F</hi></p></item></list></p></div><div type="text"><p xml:id="Ch34.S4.p4" rendition="#noindent"><pb type="L"/><fw type="folNum">[12 v<hi rendition="#sup">o</hi>]</fw>
On feroit peut estre mieux de former ce petit discours ainsi[:]</p><p xml:id="Ch34.S4.p5" rendition="#c">Essay de quelques Demonstrations
<app type="Bfootnote"><lem type="main">Mechaniques, DU FROTTEMENT</lem><note type="lemma-abbrev">Mechaniques,</note><rdg wit="#L" n="1"> sur le <hi rendition="#g">frottement</hi> <index indexName="Sachverzeichnis"><term>frottement</term></index></rdg><rdg wit="#L" n="2"> DU FROTTEMENT <hi rendition="#i">L</hi></rdg></app></p><p xml:id="Ch34.S4.p6" rendition="#noindent #hangindent">L<pb type="VIII_2" n="322"/>e <hi rendition="#g">Frottement</hi> est la resistence<index indexName="Sachverzeichnis"><term>résistance</term></index> du lieu par où le mobile<index indexName="Sachverzeichnis"><term>mobile</term></index> <app type="Bfootnote"><lem type="main"><p>passe.</p><p>J’entends par le <hi rendition="#g">lieu,</hi> la surface du corps ambient toute entiere, ou en partie, comme le definit <app type="Cfootnote"><lem type="main">Aristote.</lem><note type="lemma-abbrev">Aristote</note><note type="editorial"><bibl corresp="#bib_00235"><hi rendition="#i">Phys.</hi> IV 4, 212a2-30.</bibl></note></app></p></lem><note type="lemma-abbrev">passe.</note><rdg wit="#L" n="1"> Cette <hi rendition="#g">Resistence</hi> est absolue ou respective en ent </rdg><rdg wit="#L" n="2" cause="addition"> J’entends <seg type="apparat-ellipsis"/> ambient <note type="editorial">|</note> <add>toute <seg type="apparat-ellipsis"/> partie</add> <note type="editorial"><hi rendition="#i">erg.</hi> |</note> , comme <seg type="apparat-ellipsis"/> respective. <hi rendition="#i">L</hi></rdg></app></p><p xml:id="Ch34.S4.p7" rendition="#noindent">La <hi rendition="#g">Resistence</hi> est absolue ou respective.</p><p xml:id="Ch34.S4.p8" rendition="#noindent #hangindent">Car je remarque qu’il y a deux especes de resistence dans les corps sensibles,
dont <app type="Bfootnote"><lem type="main">les origines ou principes</lem><note type="lemma-abbrev">les</note><rdg wit="#L" n="1"> principes </rdg><rdg wit="#L" n="2"> origines ou principes <hi rendition="#i">L</hi></rdg></app>
sont fort differens.</p><p xml:id="Ch34.S4.p9" rendition="#noindent #hangindent">La <hi rendition="#g">Resistence absolue,</hi><index indexName="Sachverzeichnis"><term>résistance absolue</term></index>
celle qui est tousjours la même quelque vistesse<index indexName="Sachverzeichnis"><term>vitesse</term></index> que le mobile puisse avoir,
et qui deminue tousjours
<app type="Bfootnote"><lem type="main"><!--is-addition-app-with-lemma--><add resp="#L">également</add></lem><note type="editorial"><hi rendition="#i">erg. L</hi></note></app>
cette vitesse, d’un certain degrez
<app type="Bfootnote"><lem type="main">determiné. Par</lem><rdg wit="#L" cause="deletion">determiné <note type="editorial">|</note> <del>et égal</del> <note type="editorial"><hi rendition="#i">gestr.</hi> |</note> . Par <hi rendition="#i">L</hi></rdg></app>
<app type="Bfootnote"><lem type="main">exemple si</lem><note type="lemma-abbrev">exemple</note><rdg wit="#L" n="1"> soit </rdg><rdg wit="#L" n="2"> si <hi rendition="#i">L</hi></rdg></app>
la vistesse du mobile, <formula xml:id="Ch34.S4.p9.m1"><m:math xmlns:m="http://www.w3.org/1998/Math/MathML" display="inline"><m:mi>b</m:mi></m:math></formula> ou <formula xml:id="Ch34.S4.p9.m2"><m:math xmlns:m="http://www.w3.org/1998/Math/MathML" display="inline"><m:mrow><m:mo stretchy="false">(</m:mo><m:mi>b</m:mi><m:mo stretchy="false">)</m:mo></m:mrow></m:math></formula>,
<app type="Bfootnote"><lem type="main"><!--is-addition-app-with-lemma--><add resp="#L">et</add></lem><note type="editorial"><hi rendition="#i">erg. L</hi></note></app>
la resistence, <formula xml:id="Ch34.S4.p9.m3"><m:math xmlns:m="http://www.w3.org/1998/Math/MathML" display="inline"><m:mrow><m:mi>c</m:mi><m:mo>.</m:mo></m:mrow></m:math></formula> la vitesse residue après la
<app type="Bfootnote"><lem type="main">resistence est</lem><note type="lemma-abbrev">resistence</note><rdg wit="#L" n="1"> sera </rdg><rdg wit="#L" n="2"> est <hi rendition="#i">L</hi></rdg></app>
<formula xml:id="Ch34.S4.p9.m4"><m:math xmlns:m="http://www.w3.org/1998/Math/MathML" display="inline"><m:mrow><m:mi>b</m:mi><m:mo>-</m:mo><m:mi>c</m:mi></m:mrow></m:math></formula>, ou <formula xml:id="Ch34.S4.p9.m5"><m:math xmlns:m="http://www.w3.org/1998/Math/MathML" display="inline"><m:mrow><m:mrow><m:mo stretchy="false">(</m:mo><m:mi>b</m:mi><m:mo stretchy="false">)</m:mo></m:mrow><m:mo>-</m:mo><m:mi>c</m:mi></m:mrow></m:math></formula>.</p><p xml:id="Ch34.S4.p10" rendition="#noindent #hangindent">La <hi rendition="#g">Resistence respective</hi> <index indexName="Sachverzeichnis"><term>résistance respective</term></index>est celle qui est proportionnelle à la vitesse du
<app type="Bfootnote"><lem type="main">mobile. Dans le même exemple</lem><note type="lemma-abbrev">mobile.</note><rdg wit="#L" n="1"> Par exemple </rdg><rdg wit="#L" n="2"> Dans <seg type="apparat-ellipsis"/> exemple, <hi rendition="#i">L</hi></rdg></app>,
<app type="Bfootnote"><lem type="main">si la force qui resiste</lem><note type="lemma-abbrev">si la</note><rdg wit="#L" n="1"> resistence </rdg><rdg wit="#L" n="2"> force qui resiste <hi rendition="#i">L</hi></rdg></app>
à la vitesse du <app type="Bfootnote"><lem type="main">mobile <formula xml:id="Ch34.S4.p10.m1"><m:math xmlns:m="http://www.w3.org/1998/Math/MathML" display="inline"><m:mi>b</m:mi></m:math></formula>, est</lem><note type="lemma-abbrev">mobile <formula xml:id="Ch34.S4.p10.m2"><m:math xmlns:m="http://www.w3.org/1998/Math/MathML" display="inline"><m:mi>b</m:mi></m:math></formula>,</note><rdg wit="#L" n="1"> sera </rdg><rdg wit="#L" n="2"> est <hi rendition="#i">L</hi></rdg></app>
<app type="Bfootnote"><lem type="main">à la [force] qui</lem><note type="lemma-abbrev">à la</note><rdg wit="#L"><note type="editorial">|</note> vitesse <note type="editorial"><hi rendition="#i">ändert Hrsg.</hi> |</note> </rdg><rdg wit="#L" n="1"> du </rdg><rdg wit="#L" n="2"> qui <hi rendition="#i">L</hi></rdg></app>
resiste au mobile <formula xml:id="Ch34.S4.p10.m3"><m:math xmlns:m="http://www.w3.org/1998/Math/MathML" display="inline"><m:mrow><m:mo stretchy="false">(</m:mo><m:mi>b</m:mi><m:mo stretchy="false">)</m:mo></m:mrow></m:math></formula> comme <formula xml:id="Ch34.S4.p10.m4"><m:math xmlns:m="http://www.w3.org/1998/Math/MathML" display="inline"><m:mi>b</m:mi></m:math></formula> à <formula xml:id="Ch34.S4.p10.m5"><m:math xmlns:m="http://www.w3.org/1998/Math/MathML" display="inline"><m:mrow><m:mo stretchy="false">(</m:mo><m:mi>b</m:mi><m:mo stretchy="false">)</m:mo></m:mrow></m:math></formula>:
<app type="Bfootnote"><lem type="main">et la resistence absolue, ou la force qui resiste en elle même</lem><note type="lemma-abbrev">et la</note><rdg wit="#L" n="1"> force absolue <app><rdg wit="#L" n="a">du </rdg><rdg wit="#L" n="b">qui resiste </rdg></app></rdg><rdg wit="#L" n="2"> resistence <seg type="apparat-ellipsis"/> même <hi rendition="#i">L</hi></rdg></app>
estant tousjours, <formula xml:id="Ch34.S4.p10.m6"><m:math xmlns:m="http://www.w3.org/1998/Math/MathML" display="inline"><m:mrow><m:mi>c</m:mi><m:mo>.</m:mo></m:mrow></m:math></formula> la vistesse residue après la
<app type="Bfootnote"><lem type="main">resistence respective est</lem><note type="lemma-abbrev">resistence</note><rdg wit="#L" n="1"> au mob </rdg><rdg wit="#L" n="2"> respective <app><rdg wit="#L" n="a">sera </rdg><rdg wit="#L" n="b">est <hi rendition="#i">L</hi></rdg></app></rdg></app>
<formula xml:id="Ch34.S4.p10.m7"><m:math xmlns:m="http://www.w3.org/1998/Math/MathML" display="inline"><m:mrow><m:mi>b</m:mi><m:mo>-</m:mo><m:mrow><m:mstyle displaystyle="true"><m:mfrac><m:mi>b</m:mi><m:mi>a</m:mi></m:mfrac></m:mstyle><m:mo>⁢</m:mo><m:mi>c</m:mi></m:mrow></m:mrow></m:math></formula> ou <formula xml:id="Ch34.S4.p10.m8"><m:math xmlns:m="http://www.w3.org/1998/Math/MathML" display="inline"><m:mrow><m:mrow><m:mo stretchy="false">(</m:mo><m:mi>b</m:mi><m:mo stretchy="false">)</m:mo></m:mrow><m:mo>-</m:mo><m:mrow><m:mstyle displaystyle="true"><m:mfrac><m:mrow><m:mo stretchy="false">(</m:mo><m:mi>b</m:mi><m:mo stretchy="false">)</m:mo></m:mrow><m:mi>a</m:mi></m:mfrac></m:mstyle><m:mo>⁢</m:mo><m:mi>c</m:mi></m:mrow></m:mrow></m:math></formula>.
Car nous voyons
<app type="Bfootnote"><lem type="main"><!--is-addition-app-with-lemma--><add resp="#L">souuent</add></lem><note type="editorial"><hi rendition="#i">erg. L</hi></note></app>
<app type="Bfootnote"><lem type="main">que la resistence du <pb type="VIII_2" n="320"/>milieu est d’autant plus grande, que la vistesse du mobile est plus rapide</lem><note type="lemma-abbrev">que</note><rdg wit="#L" n="1"> la vitesse est d’autant plus grande, que </rdg><rdg wit="#L" n="2"> la <app><rdg wit="#L" n="a">vistesse rapi </rdg><rdg wit="#L" n="b">resistence <seg type="apparat-ellipsis"/> rapide. <hi rendition="#i">L</hi></rdg></app></rdg></app>.</p><p xml:id="Ch34.S4.p11" rendition="#noindent">J’expliqueray <app type="Cfootnote"><lem type="main">ailleurs</lem><note type="editorial">Vermutlich N. 35.</note></app>
l’origine de ces deux resistences, et comment et pourquoy elles se trouuent dans les corps sensibles.
<app type="Bfootnote"><lem type="main">Elles sont</lem><note type="lemma-abbrev">Elles</note><rdg wit="#L" n="1"> se trouuent </rdg><rdg wit="#L" n="2"> sont <hi rendition="#i">L</hi></rdg></app>
compliquées dans le <app type="Bfootnote"><lem type="main">frottement et c’est ce</lem><note type="lemma-abbrev">frottement</note><rdg wit="#L" n="1"> : elle </rdg><rdg wit="#L" n="2"> et c’est ce <hi rendition="#i">L</hi></rdg></app>
qui en a rendu le calcul difficile;
outre <app type="Bfootnote"><lem type="main">que l’analyse qui</lem><note type="lemma-abbrev">que</note><rdg wit="#L" n="1"> le calcul qui </rdg><rdg wit="#L" n="2"> l’analyse qui <hi rendition="#i">L</hi></rdg></app>
est fondée là dessus nous mene à de certaines parties de la Geometrie, qui ne sont pas connues de tout le monde, et qui estoient encor ignorées du temps même de Galilaei<index indexName="Namensregister"><term><hi rendition="#g">Galilei</hi> (Galilaeus, Galileus), Galileo 1564-1642</term></index>[,]
sans parler de Mons. des Cartes<index indexName="Namensregister"><term><hi rendition="#g">Descartes</hi> (Cartesius, des Cartes), René 1596-1650</term></index>,
qui ne temoigne pas <app type="Bfootnote"><lem type="main">d’avoir eu de l’habitude avec</lem><note type="lemma-abbrev">d’avoir</note><rdg wit="#L" n="1"> raisonné sur </rdg><rdg wit="#L" n="2"> travail </rdg><rdg wit="#L" n="3"> eu <seg type="apparat-ellipsis"/> avec <hi rendition="#i">L</hi></rdg></app>
ces parties de Geometrie ou de Mechanique.
Elles ne laissent pas pourtant d’estre importantes, et
<app type="Bfootnote"><lem type="main">particulierement le frottement</lem><note type="lemma-abbrev">particulierement</note><rdg wit="#L" n="1"> le mouuem </rdg><rdg wit="#L" n="2"> le frottement <hi rendition="#i">L</hi></rdg></app>
ou la resistence de <app type="Bfootnote"><lem type="main">l’air [a] beaucoup d’influence sur</lem><note type="lemma-abbrev">l’air</note><rdg wit="#L"><note type="editorial">|</note> à <note type="editorial"><hi rendition="#i">ändert Hrsg.</hi> |</note> </rdg><rdg wit="#L" n="1"> grande </rdg><rdg wit="#L" n="2"> beaucoup <app><rdg wit="#L" n="a">d’influence sur </rdg><rdg wit="#L" n="b">de part </rdg><rdg wit="#L" n="c">d’influence sur <hi rendition="#i">L</hi></rdg></app></rdg></app> le mouuement des corps jettez,
dont les hommes pourront peut estre trouuer un jour la regle,
pour <app type="Bfootnote"><lem type="main">[la]</lem><rdg wit="#ed" cause="addition"><add>la</add> <note type="editorial"><hi rendition="#i">erg. Hrsg.</hi></note></rdg></app>
donner sans faute dans un point proposé.
<pb type="L"/><fw type="folNum">[13 r<hi rendition="#sup">o</hi>]</fw></p><p xml:id="Ch34.S4.p12">Premiere Section, de la Resistence absolue<index indexName="Sachverzeichnis"><term>résistance absolue</term></index> qui se trouue dans le frottement<index indexName="Sachverzeichnis"><term>frottement</term></index>.</p><p xml:id="Ch34.S4.p13" rendition="#noindent #hangindent"><hi rendition="#g">Acceleration</hi><index indexName="Sachverzeichnis"><term>accélération</term></index> <hi rendition="#g">ou Retardation</hi><index indexName="Sachverzeichnis"><term>retardation</term></index> <hi rendition="#g">égale selon les</hi>
<app type="Bfootnote"><lem type="main"><hi rendition="#g">temps</hi><index indexName="Sachverzeichnis"><term>temps</term></index> <hi rendition="#g">(lieux)</hi></lem><note type="lemma-abbrev"><hi rendition="#g">temps</hi></note><rdg wit="#L" n="1"> <hi rendition="#g">(lieux)</hi> </rdg><rdg wit="#L" n="2"> <hi rendition="#g">ou lieux</hi> </rdg><rdg wit="#L" n="3"> <hi rendition="#g">(lieux)</hi> <hi rendition="#i">L</hi></rdg></app>
<hi rendition="#g">est une addition ou soubstraction</hi> <app type="Bfootnote"><lem type="main"><!--is-addition-app-with-lemma--><add resp="#L"><hi rendition="#g">continuelle</hi></add></lem><note type="editorial"><hi rendition="#i">erg. L</hi></note></app>
<hi rendition="#g">d’un certain degrez de vitesse à chaque moment du temps (endroit du lieu).</hi></p><p xml:id="Ch34.S4.p14" rendition="#noindent">Celle qui est selon les temps est la même avec celle dont
<app type="Bfootnote"><lem type="main"><!--is-addition-app-with-lemma--><add resp="#L">l’incomparable</add></lem><note type="editorial"><hi rendition="#i">erg.  L</hi></note></app>
<app type="Cfootnote"><lem type="main">Galilei<index indexName="Namensregister"><term><hi rendition="#g">Galilei</hi> (Galilaeus, Galileus), Galileo 1564-1642</term></index></lem><note type="lemma-abbrev">Galilei</note><note type="editorial"><bibl corresp="#bib_00050"><hi rendition="#i">Discorsi</hi>, Leiden 1638, S. 157f. und 163-165 (<bibl corresp="#bib_00048"><hi rendition="#i">GO</hi> VIII, S. 197f. und 202-204).</bibl></bibl></note></app>
se sert, pour
<app type="Bfootnote"><lem type="main">expliquer l’acceleration</lem><note type="lemma-abbrev">expliquer</note><rdg wit="#L" n="1"> les </rdg><rdg wit="#L" n="2"> l’acceleration <hi rendition="#i">L</hi></rdg></app>
uniforme du mouuement des corps qui tombent.
Mais celle <app type="Bfootnote"><lem type="main">qui se fait</lem><note type="lemma-abbrev">qui</note><rdg wit="#L" n="1"> fait </rdg><rdg wit="#L" n="2"> se fait <hi rendition="#i">L</hi></rdg></app>
selon les lieux n’a pas encor esté reduite au calcul, à ce que je sçache.
Quoyque <app type="Cfootnote"><lem type="main">quelques uns</lem><note type="editorial">Anspielung auf <bibl corresp="#bib_01022"><hi rendition="#k">P. Le Cazre</hi>, <hi rendition="#i">Physica demonstratio</hi>, Paris 1645. Leibniz’ eigenhändige Randbemerkungen befinden sich in seinem Handexemplar von Le Cazres<index indexName="Namensregister"><term><hi rendition="#g">Le Cazre</hi> (Cazreus), Pierre 1589-1664</term></index> Abhandlung; siehe N. 13.</bibl></note></app>
l’ayent crû preferable à celle de Galilei<index indexName="Namensregister"><term><hi rendition="#g">Galilei</hi> (Galilaeus, Galileus), Galileo 1564-1642</term></index>
pour expliquer même
<app type="Bfootnote"><lem type="main">l’acceleration <pb type="VIII_2" n="321"/>de la descente</lem><note type="lemma-abbrev">l’acceleration</note><rdg wit="#L" n="1"> des corps pes </rdg><rdg wit="#L" n="2"> de la descente, <hi rendition="#i">L</hi></rdg></app>,
je ne suis pas de leur sentiment;
j’avoue pourtant que cette supposition est la seule qui ait pû disputer le prix à celle de
Galilei<index indexName="Namensregister"><term><hi rendition="#g">Galilei</hi> (Galilaeus, Galileus), Galileo 1564-1642</term></index>.
Mais sans cela elle a d’autres usages,
et il s’en faut servir icy pour expliquer une partie de la <hi rendition="#g">resistence</hi> qui arrive dans le
<app type="Bfootnote"><lem type="main">frottement, sçavoir celle que j’appelle <hi rendition="#g">Absolue.</hi></lem><note type="lemma-abbrev">frottement</note><rdg wit="#L" n="1"> . Et </rdg><rdg wit="#L" n="2"> , sçavoir <seg type="apparat-ellipsis"/> <hi rendition="#g">Absolue</hi>. <hi rendition="#i">L</hi></rdg></app>
C’est ce qui m’a obligé de l’assujettir à des loix
Geometriques<anchor xml:id="_35.09.11_013r.1_01"/>.<!--  \hack{\\
\hspace*{7,5mm}} 
     \hackfor{\par}--></p><p xml:id="Ch34.S4.p15">Theorem.   I.</p><p xml:id="Ch34.S4.p16" rendition="#noindent"><hi rendition="#g">Un corps</hi><anchor xml:id="_35.09.11_013r.1_02"/><app type="Bfootnote" from="#_35.09.11_013r.1_01" to="#_35.09.11_013r.1_02"><lem type="main"/><note type="lemma-abbrev">Geometriques.</note><rdg wit="#L" n="1"> Un corps </rdg><rdg wit="#L" n="2"> Theorem. I. <hi rendition="#g">Un corps</hi> <hi rendition="#i">L</hi></rdg></app>
<hi rendition="#g">dont le mouuement est uniforme en luy même, es-tant retardé également à chaque endroit du lieu où il passe; les vistesses residues sont entre elles, comme les espaces qui restent à parcourir.</hi></p><p xml:id="Ch34.S4.p17">Theorem.   II.<note type="Afootnote" place="margin" resp="#L"><hi rendition="#i">Auf der rechten Spalte:</hi>
Il faut transferer icy les Theoremes <note type="Afootnote-sub" n="[a]">Theoremes:  Siehe N. 34<hi rendition="#sub">3</hi>.</note> de la 4<hi rendition="#sup">me</hi> feuille de ce Brouillon avec leurs demonstrations.</note></p><p xml:id="Ch34.S4.p18">III.</p><p xml:id="Ch34.S4.p19">IV.</p><p xml:id="Ch34.S4.p20">V.</p><p xml:id="Ch34.S4.p21">Theoreme: VI.</p><p xml:id="Ch34.S4.p22" rendition="#noindent"><app type="Bfootnote"><lem type="main"><hi rendition="#g">Un point mobile</hi> </lem><note type="lemma-abbrev"><hi rendition="#g">Un</hi></note><rdg wit="#L" n="1"> <hi rendition="#g">corps</hi> </rdg><rdg wit="#L" n="2"> <hi rendition="#g">point mobile</hi> <hi rendition="#i">L</hi></rdg></app><hi rendition="#g">estant porté par deux mouuemens, dont</hi> <app type="Bfootnote"><lem type="main"><hi rendition="#g">les lignes de direction</hi> </lem><note type="lemma-abbrev"><hi rendition="#g">les</hi></note><rdg wit="#L" n="1"> <hi rendition="#g">directions</hi> </rdg><rdg wit="#L" n="2"> <hi rendition="#g">lignes de direction</hi> <hi rendition="#i">L</hi></rdg></app><hi rendition="#g">font un angle constant entre</hi> <app type="Bfootnote"><lem type="main"><hi rendition="#g">elles; l’un de ces mouuemens</hi> </lem><note type="lemma-abbrev"><hi rendition="#g">elles;</hi></note><rdg wit="#L" n="1"> <hi rendition="#g">la lig</hi> </rdg><rdg wit="#L" n="2"> <hi rendition="#g">l’un</hi> <seg type="apparat-ellipsis"/> <hi rendition="#g">mouuemens</hi> <hi rendition="#i">L</hi></rdg></app><app type="Bfootnote"><lem type="main"><hi rendition="#g">estant et demeurant uniforme,</hi> </lem><note type="lemma-abbrev"><hi rendition="#g">estant</hi></note><rdg wit="#L" n="1"> <hi rendition="#g">uniforme</hi> </rdg><rdg wit="#L" n="2"> <hi rendition="#g">et demeurant uniforme,</hi> <hi rendition="#i">L</hi></rdg></app><app type="Bfootnote"><lem type="main"><!--is-addition-app-with-lemma--><add resp="#L"><hi rendition="#g">l’autre es-tant</hi></add> </lem><note type="lemma-abbrev"><hi rendition="#g">l’autre estant</hi> </note><note type="editorial"><hi rendition="#i">erg. L</hi></note></app><hi rendition="#g">uniforme en lui même,
mais retardé egalement en chaque endroit du lieu où il passe;
le dit point décrira la ligne Logarithmique.</hi></p><figure rendition="#own-line_centered" xml:id="Ch34.S4.p23">
          <graphic rendition="#c" url="../images/lh0350911_013r_1-d1.svg" width="277.5168pt" xml:id="Ch34.S4.p23.g1"/>
          
          <head rendition="#c">[<hi rendition="#i">Fig. 1</hi>]</head>
        </figure><p xml:id="Ch34.S4.p24" rendition="#noindent">Soit dans la <hi rendition="#g">2. fig.</hi> le point mobile porté en même temps par deux mouuemens,
dont l’un est uniforme, et dont la ligne de direction est <formula xml:id="Ch34.S4.p24.m1"><m:math xmlns:m="http://www.w3.org/1998/Math/MathML" display="inline"><m:mrow><m:mi>A</m:mi><m:mo>⁢</m:mo><m:mi>E</m:mi></m:mrow></m:math></formula>, ou parallele
<app type="Bfootnote"><lem type="main">à <formula xml:id="Ch34.S4.p24.m2"><m:math xmlns:m="http://www.w3.org/1998/Math/MathML" display="inline"><m:mrow><m:mi>A</m:mi><m:mo>⁢</m:mo><m:mi>E</m:mi></m:mrow></m:math></formula> comme <formula xml:id="Ch34.S4.p24.m3"><m:math xmlns:m="http://www.w3.org/1998/Math/MathML" display="inline"><m:mrow><m:mrow><m:mi>D</m:mi><m:mo>⁢</m:mo><m:mi>D</m:mi></m:mrow><m:mo>.</m:mo></m:mrow></m:math></formula> <formula xml:id="Ch34.S4.p24.m4"><m:math xmlns:m="http://www.w3.org/1998/Math/MathML" display="inline"><m:mrow><m:mrow><m:mo stretchy="false">(</m:mo><m:mi>D</m:mi><m:mo stretchy="false">)</m:mo></m:mrow><m:mo>⁢</m:mo><m:mrow><m:mo stretchy="false">(</m:mo><m:mi>D</m:mi><m:mo stretchy="false">)</m:mo></m:mrow></m:mrow></m:math></formula>. L’autre retardé egalement par les lieux où il passe, dont la ligne de direction est <formula xml:id="Ch34.S4.p24.m5"><m:math xmlns:m="http://www.w3.org/1998/Math/MathML" display="inline"><m:mrow><m:mi>B</m:mi><m:mo>⁢</m:mo><m:mi>F</m:mi></m:mrow></m:math></formula> ou la parallele <formula xml:id="Ch34.S4.p24.m6"><m:math xmlns:m="http://www.w3.org/1998/Math/MathML" display="inline"><m:mrow><m:mrow><m:mo stretchy="false">(</m:mo><m:mi>B</m:mi><m:mo stretchy="false">)</m:mo></m:mrow><m:mo>⁢</m:mo><m:mrow><m:mo stretchy="false">(</m:mo><m:mi>F</m:mi><m:mo stretchy="false">)</m:mo></m:mrow></m:mrow></m:math></formula>, <formula xml:id="Ch34.S4.p24.m7"><m:math xmlns:m="http://www.w3.org/1998/Math/MathML" display="inline"><m:mrow><m:mrow><m:mo stretchy="false">(</m:mo><m:mrow><m:mo stretchy="false">(</m:mo><m:mi>B</m:mi><m:mo stretchy="false">)</m:mo></m:mrow><m:mo stretchy="false">)</m:mo></m:mrow><m:mo>⁢</m:mo><m:mrow><m:mo stretchy="false">(</m:mo><m:mrow><m:mo stretchy="false">(</m:mo><m:mi>F</m:mi><m:mo stretchy="false">)</m:mo></m:mrow><m:mo stretchy="false">)</m:mo></m:mrow></m:mrow></m:math></formula> etc.</lem><note type="lemma-abbrev">à <formula xml:id="Ch34.S4.p24.m8"><m:math xmlns:m="http://www.w3.org/1998/Math/MathML" display="inline"><m:mrow><m:mi>A</m:mi><m:mo>⁢</m:mo><m:mi>E</m:mi></m:mrow></m:math></formula></note><rdg wit="#L" n="1"> l’autre retardé egalement par les lieux où il passe, dont la ligne de direction est <formula xml:id="Ch34.S4.p24.m9"><m:math xmlns:m="http://www.w3.org/1998/Math/MathML" display="inline"><m:mrow><m:mi>B</m:mi><m:mo>⁢</m:mo><m:mi>C</m:mi></m:mrow></m:math></formula> </rdg><rdg wit="#L" n="2"> comme <app><rdg wit="#L" n="a"><formula xml:id="Ch34.S4.p24.m10"><m:math xmlns:m="http://www.w3.org/1998/Math/MathML" display="inline"><m:mrow><m:mrow><m:mi>D</m:mi><m:mo>⁢</m:mo><m:mrow><m:mo stretchy="false">(</m:mo><m:mi>C</m:mi><m:mo stretchy="false">)</m:mo></m:mrow></m:mrow><m:mo>.</m:mo></m:mrow></m:math></formula> <formula xml:id="Ch34.S4.p24.m11"><m:math xmlns:m="http://www.w3.org/1998/Math/MathML" display="inline"><m:mrow><m:mrow><m:mo stretchy="false">(</m:mo><m:mi>D</m:mi><m:mo stretchy="false">)</m:mo></m:mrow><m:mo>⁢</m:mo><m:mrow><m:mo stretchy="false">(</m:mo><m:mrow><m:mo stretchy="false">(</m:mo><m:mi>C</m:mi><m:mo stretchy="false">)</m:mo></m:mrow><m:mo stretchy="false">)</m:mo></m:mrow></m:mrow></m:math></formula> </rdg><rdg wit="#L" n="b" cause="addition"><formula xml:id="Ch34.S4.p24.m12"><m:math xmlns:m="http://www.w3.org/1998/Math/MathML" display="inline"><m:mrow><m:mrow><m:mi>D</m:mi><m:mo>⁢</m:mo><m:mi>D</m:mi></m:mrow><m:mo>.</m:mo></m:mrow></m:math></formula> <seg type="apparat-ellipsis"/> <formula xml:id="Ch34.S4.p24.m13"><m:math xmlns:m="http://www.w3.org/1998/Math/MathML" display="inline"><m:mrow><m:mi>B</m:mi><m:mo>⁢</m:mo><m:mi>F</m:mi></m:mrow></m:math></formula> ou <note type="editorial">|</note> <add>la</add> <note type="editorial"><hi rendition="#i">erg.</hi> |</note> parallele <seg type="apparat-ellipsis"/> etc. <hi rendition="#i">L</hi></rdg></app></rdg></app>
Ce qui se peut conceuuoir aisement en supposant qu’une regle
<app type="Bfootnote"><lem type="main"><!--is-addition-app-with-lemma--><add resp="#L">inflexible</add></lem><note type="editorial"><hi rendition="#i">erg. L</hi></note></app>
<app type="Bfootnote"><lem type="main"><formula xml:id="Ch34.S4.p24.m14"><m:math xmlns:m="http://www.w3.org/1998/Math/MathML" display="inline"><m:mrow><m:mi>B</m:mi><m:mo>⁢</m:mo><m:mi>F</m:mi></m:mrow></m:math></formula> demeurant</lem><rdg wit="#L" cause="deletion"><formula xml:id="Ch34.S4.p24.m15"><m:math xmlns:m="http://www.w3.org/1998/Math/MathML" display="inline"><m:mrow><m:mi>B</m:mi><m:mo>⁢</m:mo><m:mi>F</m:mi></m:mrow></m:math></formula> <note type="editorial">|</note> <del>regle</del> <note type="editorial"><hi rendition="#i">gestr.</hi> |</note> demeurant <hi rendition="#i">L</hi></rdg></app>
tousjours parallele à elle même marche
<app type="Bfootnote"><!--is-correction-app-with-future-lemma--><lem type="main"><corr resp="#ed">[uniformement]</corr></lem><note type="editorial"><orig>uniforment</orig> <hi rendition="#i">L ändert Hrsg.</hi></note></app>
le long de la droite
<app type="Bfootnote"><lem type="main"><!--is-addition-app-with-lemma--><add resp="#L">immobile</add></lem><note type="editorial"><hi rendition="#i">erg. L</hi></note></app>
<formula xml:id="Ch34.S4.p24.m16"><m:math xmlns:m="http://www.w3.org/1998/Math/MathML" display="inline"><m:mrow><m:mi>A</m:mi><m:mo>⁢</m:mo><m:mi>E</m:mi></m:mrow></m:math></formula> et que
<app type="Bfootnote"><lem type="main">cependant un autre mobile</lem><note type="lemma-abbrev">cependant</note><rdg wit="#L" n="1"> le mobile </rdg><rdg wit="#L" n="2"> un autre mobile <hi rendition="#i">L</hi></rdg></app>
roule ou glisse sur cette regle
<app type="Bfootnote"><lem type="main"><!--is-addition-app-with-lemma--><add resp="#L"><formula xml:id="Ch34.S4.p24.m17"><m:math xmlns:m="http://www.w3.org/1998/Math/MathML" display="inline"><m:mrow><m:mi>B</m:mi><m:mo>⁢</m:mo><m:mi>F</m:mi></m:mrow></m:math></formula></add></lem><note type="editorial"><hi rendition="#i">erg. L</hi></note></app>,
d’un mouuement uniforme
<app type="Bfootnote"><lem type="main">en soy</lem><note type="lemma-abbrev">en</note><rdg wit="#L" n="1"> luy </rdg><rdg wit="#L" n="2"> soy <hi rendition="#i">L</hi></rdg></app>
même, mais
<app type="Bfootnote"><lem type="main">retardé egalement en chaque endroit de la regle par le frottement</lem><note type="lemma-abbrev">retardé</note><rdg wit="#L" n="1"> par le frottement de la regle, egalement en </rdg><rdg wit="#L" n="2"> egalement <seg type="apparat-ellipsis"/> frottement. <hi rendition="#i">L</hi></rdg></app>.
De sorte que le mobile va sur la regle de <formula xml:id="Ch34.S4.p24.m19"><m:math xmlns:m="http://www.w3.org/1998/Math/MathML" display="inline"><m:mi>B</m:mi></m:math></formula> en <formula xml:id="Ch34.S4.p24.m20"><m:math xmlns:m="http://www.w3.org/1998/Math/MathML" display="inline"><m:mi>D</m:mi></m:math></formula>, ou de <formula xml:id="Ch34.S4.p24.m21"><m:math xmlns:m="http://www.w3.org/1998/Math/MathML" display="inline"><m:mi>D</m:mi></m:math></formula> en <formula xml:id="Ch34.S4.p24.m22"><m:math xmlns:m="http://www.w3.org/1998/Math/MathML" display="inline"><m:mrow><m:mo stretchy="false">(</m:mo><m:mi>D</m:mi><m:mo stretchy="false">)</m:mo></m:mrow></m:math></formula> ou de <formula xml:id="Ch34.S4.p24.m23"><m:math xmlns:m="http://www.w3.org/1998/Math/MathML" display="inline"><m:mrow><m:mo stretchy="false">(</m:mo><m:mi>D</m:mi><m:mo stretchy="false">)</m:mo></m:mrow></m:math></formula> en <formula xml:id="Ch34.S4.p24.m24"><m:math xmlns:m="http://www.w3.org/1998/Math/MathML" display="inline"><m:mrow><m:mo stretchy="false">(</m:mo><m:mrow><m:mo stretchy="false">(</m:mo><m:mi>D</m:mi><m:mo stretchy="false">)</m:mo></m:mrow><m:mo stretchy="false">)</m:mo></m:mrow></m:math></formula>
<app type="Bfootnote"><lem type="main"><!--is-addition-app-with-lemma--><add resp="#L">jusqu’à ce qu’il s’arreste en <formula xml:id="Ch34.S4.p24.m25"><m:math xmlns:m="http://www.w3.org/1998/Math/MathML" display="inline"><m:mi>F</m:mi></m:math></formula></add></lem><note type="lemma-abbrev">jusqu’à <seg type="apparat-ellipsis"/> en <formula xml:id="Ch34.S4.p24.m26"><m:math xmlns:m="http://www.w3.org/1998/Math/MathML" display="inline"><m:mi>F</m:mi></m:math></formula></note><note type="editorial"><hi rendition="#i">erg. L</hi></note></app>[,]
pendant que la regle
<app type="Bfootnote"><lem type="main">va de <formula xml:id="Ch34.S4.p24.m27"><m:math xmlns:m="http://www.w3.org/1998/Math/MathML" display="inline"><m:mi>A</m:mi></m:math></formula> en <formula xml:id="Ch34.S4.p24.m28"><m:math xmlns:m="http://www.w3.org/1998/Math/MathML" display="inline"><m:mi>B</m:mi></m:math></formula>, ou de <formula xml:id="Ch34.S4.p24.m29"><m:math xmlns:m="http://www.w3.org/1998/Math/MathML" display="inline"><m:mi>B</m:mi></m:math></formula> en <formula xml:id="Ch34.S4.p24.m30"><m:math xmlns:m="http://www.w3.org/1998/Math/MathML" display="inline"><m:mrow><m:mo stretchy="false">(</m:mo><m:mi>B</m:mi><m:mo stretchy="false">)</m:mo></m:mrow></m:math></formula> ou</lem><note type="lemma-abbrev">va</note><rdg wit="#L" n="1"> de <formula xml:id="Ch34.S4.p24.m31"><m:math xmlns:m="http://www.w3.org/1998/Math/MathML" display="inline"><m:mi>B</m:mi></m:math></formula> en <formula xml:id="Ch34.S4.p24.m32"><m:math xmlns:m="http://www.w3.org/1998/Math/MathML" display="inline"><m:mrow><m:mo stretchy="false">(</m:mo><m:mi>B</m:mi><m:mo stretchy="false">)</m:mo></m:mrow></m:math></formula> ou </rdg><rdg wit="#L" n="2"> de <formula xml:id="Ch34.S4.p24.m33"><m:math xmlns:m="http://www.w3.org/1998/Math/MathML" display="inline"><m:mi>A</m:mi></m:math></formula> <seg type="apparat-ellipsis"/> <formula xml:id="Ch34.S4.p24.m34"><m:math xmlns:m="http://www.w3.org/1998/Math/MathML" display="inline"><m:mrow><m:mo stretchy="false">(</m:mo><m:mi>B</m:mi><m:mo stretchy="false">)</m:mo></m:mrow></m:math></formula> ou <hi rendition="#i">L</hi></rdg></app>
de <formula xml:id="Ch34.S4.p24.m35"><m:math xmlns:m="http://www.w3.org/1998/Math/MathML" display="inline"><m:mrow><m:mo stretchy="false">(</m:mo><m:mi>B</m:mi><m:mo stretchy="false">)</m:mo></m:mrow></m:math></formula> en
<app type="Bfootnote"><lem type="main"><formula xml:id="Ch34.S4.p24.m36"><m:math xmlns:m="http://www.w3.org/1998/Math/MathML" display="inline"><m:mrow><m:mo stretchy="false">(</m:mo><m:mrow><m:mo stretchy="false">(</m:mo><m:mi>B</m:mi><m:mo stretchy="false">)</m:mo></m:mrow><m:mo stretchy="false">)</m:mo></m:mrow></m:math></formula>. Or les parties de la ligne <formula xml:id="Ch34.S4.p24.m37"><m:math xmlns:m="http://www.w3.org/1998/Math/MathML" display="inline"><m:mrow><m:mi>A</m:mi><m:mo>⁢</m:mo><m:mi>E</m:mi></m:mrow></m:math></formula> sçavoir <formula xml:id="Ch34.S4.p24.m38"><m:math xmlns:m="http://www.w3.org/1998/Math/MathML" display="inline"><m:mrow><m:mi>A</m:mi><m:mo>⁢</m:mo><m:mi>B</m:mi></m:mrow></m:math></formula>, <formula xml:id="Ch34.S4.p24.m39"><m:math xmlns:m="http://www.w3.org/1998/Math/MathML" display="inline"><m:mrow><m:mi>B</m:mi><m:mo>⁢</m:mo><m:mrow><m:mo stretchy="false">(</m:mo><m:mi>B</m:mi><m:mo stretchy="false">)</m:mo></m:mrow></m:mrow></m:math></formula>, <formula xml:id="Ch34.S4.p24.m40"><m:math xmlns:m="http://www.w3.org/1998/Math/MathML" display="inline"><m:mrow><m:mrow><m:mo stretchy="false">(</m:mo><m:mi>B</m:mi><m:mo stretchy="false">)</m:mo></m:mrow><m:mo>⁢</m:mo><m:mrow><m:mo stretchy="false">(</m:mo><m:mrow><m:mo stretchy="false">(</m:mo><m:mi>B</m:mi><m:mo stretchy="false">)</m:mo></m:mrow><m:mo stretchy="false">)</m:mo></m:mrow></m:mrow></m:math></formula></lem><note type="lemma-abbrev"><formula xml:id="Ch34.S4.p24.m41"><m:math xmlns:m="http://www.w3.org/1998/Math/MathML" display="inline"><m:mrow><m:mo stretchy="false">(</m:mo><m:mrow><m:mo stretchy="false">(</m:mo><m:mi>B</m:mi><m:mo stretchy="false">)</m:mo></m:mrow><m:mo stretchy="false">)</m:mo></m:mrow></m:math></formula>.</note><rdg wit="#L" n="1"> Supposons à present que les dro </rdg><rdg wit="#L" n="2"> Or les <app><rdg wit="#L" n="a">portions </rdg><rdg wit="#L" n="b">parties de <app><rdg wit="#L" n="aa">l’espace <formula xml:id="Ch34.S4.p24.m42"><m:math xmlns:m="http://www.w3.org/1998/Math/MathML" display="inline"><m:mrow><m:mi>A</m:mi><m:mo>⁢</m:mo><m:mi>E</m:mi></m:mrow></m:math></formula> </rdg><rdg wit="#L" n="bb">la ligne <seg type="apparat-ellipsis"/> <formula xml:id="Ch34.S4.p24.m43"><m:math xmlns:m="http://www.w3.org/1998/Math/MathML" display="inline"><m:mrow><m:mrow><m:mo stretchy="false">(</m:mo><m:mi>B</m:mi><m:mo stretchy="false">)</m:mo></m:mrow><m:mo>⁢</m:mo><m:mrow><m:mo stretchy="false">(</m:mo><m:mrow><m:mo stretchy="false">(</m:mo><m:mi>B</m:mi><m:mo stretchy="false">)</m:mo></m:mrow><m:mo stretchy="false">)</m:mo></m:mrow></m:mrow></m:math></formula> <hi rendition="#i">L</hi></rdg></app></rdg></app></rdg></app>
estant egales, et par consequent les espaces
<app type="Bfootnote"><lem type="main">parcourus
<pb type="L"/><fw type="folNum">[13 v<hi rendition="#sup">o</hi>]</fw> par le mouuement uniforme, sçavoir <formula xml:id="Ch34.S4.p24.m44"><m:math xmlns:m="http://www.w3.org/1998/Math/MathML" display="inline"><m:mrow><m:mrow><m:mi>A</m:mi><m:mo>⁢</m:mo><m:mi>B</m:mi></m:mrow><m:mo>.</m:mo></m:mrow></m:math></formula> <formula xml:id="Ch34.S4.p24.m45"><m:math xmlns:m="http://www.w3.org/1998/Math/MathML" display="inline"><m:mrow><m:mi>A</m:mi><m:mo>⁢</m:mo><m:mrow><m:mo stretchy="false">(</m:mo><m:mi>B</m:mi><m:mo stretchy="false">)</m:mo></m:mrow></m:mrow></m:math></formula>. <formula xml:id="Ch34.S4.p24.m46"><m:math xmlns:m="http://www.w3.org/1998/Math/MathML" display="inline"><m:mrow><m:mi>A</m:mi><m:mo>⁢</m:mo><m:mrow><m:mo stretchy="false">(</m:mo><m:mrow><m:mo stretchy="false">(</m:mo><m:mi>B</m:mi><m:mo stretchy="false">)</m:mo></m:mrow><m:mo stretchy="false">)</m:mo></m:mrow></m:mrow></m:math></formula> estant <pb type="VIII_2" n="323"/>en progression Arithmetique, les temps employez le seront aussi, par ce que dans le mouuement uniforme les temps employez sont uniformes aux espaces parcourus. Or</lem><note type="lemma-abbrev">parcourus</note><rdg wit="#L" n="1" cause="addition"> <add>par <pb type="L"/><fw type="folNum">[13 v<hi rendition="#sup">o</hi>]</fw>
le mouuement uniforme, <note type="editorial">|</note> <formula xml:id="Ch34.S4.p24.m47"><m:math xmlns:m="http://www.w3.org/1998/Math/MathML" display="inline"><m:mrow><m:mrow><m:mi>A</m:mi><m:mo>⁢</m:mo><m:mi>B</m:mi></m:mrow><m:mo>.</m:mo></m:mrow></m:math></formula> <formula xml:id="Ch34.S4.p24.m48"><m:math xmlns:m="http://www.w3.org/1998/Math/MathML" display="inline"><m:mrow><m:mrow><m:mi>A</m:mi><m:mo>⁢</m:mo><m:mrow><m:mo stretchy="false">(</m:mo><m:mi>B</m:mi><m:mo stretchy="false">)</m:mo></m:mrow></m:mrow><m:mo>.</m:mo></m:mrow></m:math></formula> <formula xml:id="Ch34.S4.p24.m49"><m:math xmlns:m="http://www.w3.org/1998/Math/MathML" display="inline"><m:mrow><m:mi>A</m:mi><m:mo>⁢</m:mo><m:mrow><m:mo stretchy="false">(</m:mo><m:mrow><m:mo stretchy="false">(</m:mo><m:mi>B</m:mi><m:mo stretchy="false">)</m:mo></m:mrow><m:mo stretchy="false">)</m:mo></m:mrow></m:mrow></m:math></formula> </add><note type="editorial"><hi rendition="#i">erg.</hi> |</note> estant en progression Arithmetique, les </rdg><rdg wit="#L" n="2"> par avancement du mobile sur la regle, sçavoir <formula xml:id="Ch34.S4.p24.m50"><m:math xmlns:m="http://www.w3.org/1998/Math/MathML" display="inline"><m:mrow><m:mi>B</m:mi><m:mo>⁢</m:mo><m:mi>D</m:mi></m:mrow></m:math></formula>, <formula xml:id="Ch34.S4.p24.m51"><m:math xmlns:m="http://www.w3.org/1998/Math/MathML" display="inline"><m:mrow><m:mi>D</m:mi><m:mo>⁢</m:mo><m:mrow><m:mo stretchy="false">(</m:mo><m:mi>D</m:mi><m:mo stretchy="false">)</m:mo></m:mrow></m:mrow></m:math></formula>, <formula xml:id="Ch34.S4.p24.m52"><m:math xmlns:m="http://www.w3.org/1998/Math/MathML" display="inline"><m:mrow><m:mrow><m:mo stretchy="false">(</m:mo><m:mi>D</m:mi><m:mo stretchy="false">)</m:mo></m:mrow><m:mo>⁢</m:mo><m:mrow><m:mo stretchy="false">(</m:mo><m:mrow><m:mo stretchy="false">(</m:mo><m:mi>D</m:mi><m:mo stretchy="false">)</m:mo></m:mrow><m:mo stretchy="false">)</m:mo></m:mrow></m:mrow></m:math></formula> seront en progression Geometrique, car </rdg><rdg wit="#L" n="3"> le </rdg><rdg wit="#L" n="4"> d </rdg><rdg wit="#L" n="5"> Or </rdg><rdg wit="#L" n="6" cause="deletion"> <note type="editorial">|</note> <del>les espaces parcourus</del> <note type="editorial"><hi rendition="#i">gestr.</hi> |</note> par le <seg type="apparat-ellipsis"/> sçavoir <formula xml:id="Ch34.S4.p24.m53"><m:math xmlns:m="http://www.w3.org/1998/Math/MathML" display="inline"><m:mrow><m:mrow><m:mi>A</m:mi><m:mo>⁢</m:mo><m:mi>B</m:mi></m:mrow><m:mo>.</m:mo></m:mrow></m:math></formula> <app><rdg wit="#L" n="a">etc. </rdg><rdg wit="#L" n="b"><formula xml:id="Ch34.S4.p24.m54"><m:math xmlns:m="http://www.w3.org/1998/Math/MathML" display="inline"><m:mrow><m:mrow><m:mi>A</m:mi><m:mo>⁢</m:mo><m:mrow><m:mo stretchy="false">(</m:mo><m:mi>B</m:mi><m:mo stretchy="false">)</m:mo></m:mrow></m:mrow><m:mo>.</m:mo></m:mrow></m:math></formula> <formula xml:id="Ch34.S4.p24.m55"><m:math xmlns:m="http://www.w3.org/1998/Math/MathML" display="inline"><m:mrow><m:mi>A</m:mi><m:mo>⁢</m:mo><m:mrow><m:mo stretchy="false">(</m:mo><m:mrow><m:mo stretchy="false">(</m:mo><m:mi>B</m:mi><m:mo stretchy="false">)</m:mo></m:mrow><m:mo stretchy="false">)</m:mo></m:mrow></m:mrow></m:math></formula>
<app><rdg wit="#L" n="aa">sont en raison des temps employes; (: par la definition du mouuement uniforme :) et </rdg><rdg wit="#L" n="bb">estant en <seg type="apparat-ellipsis"/> parcourus. Or <hi rendition="#i">L</hi></rdg></app></rdg></app></rdg></app>
les temps employez estant en progression Arithmetique,
les espaces qui restent à parcourir dans la regle, jusqu’au point de repos,
sçavoir <formula xml:id="Ch34.S4.p24.m56"><m:math xmlns:m="http://www.w3.org/1998/Math/MathML" display="inline"><m:mrow><m:mi>D</m:mi><m:mo>⁢</m:mo><m:mi>F</m:mi></m:mrow></m:math></formula>, <formula xml:id="Ch34.S4.p24.m57"><m:math xmlns:m="http://www.w3.org/1998/Math/MathML" display="inline"><m:mrow><m:mrow><m:mo stretchy="false">(</m:mo><m:mi>D</m:mi><m:mo stretchy="false">)</m:mo></m:mrow><m:mo>⁢</m:mo><m:mrow><m:mo stretchy="false">(</m:mo><m:mi>F</m:mi><m:mo stretchy="false">)</m:mo></m:mrow></m:mrow></m:math></formula>, <formula xml:id="Ch34.S4.p24.m58"><m:math xmlns:m="http://www.w3.org/1998/Math/MathML" display="inline"><m:mrow><m:mrow><m:mo stretchy="false">(</m:mo><m:mrow><m:mo stretchy="false">(</m:mo><m:mi>D</m:mi><m:mo stretchy="false">)</m:mo></m:mrow><m:mo stretchy="false">)</m:mo></m:mrow><m:mo>⁢</m:mo><m:mrow><m:mo stretchy="false">(</m:mo><m:mrow><m:mo stretchy="false">(</m:mo><m:mi>F</m:mi><m:mo stretchy="false">)</m:mo></m:mrow><m:mo stretchy="false">)</m:mo></m:mrow></m:mrow></m:math></formula>
seront en progression Geometrique par
le<app type="Bfootnote"><lem type="main"> <hi rendition="#g">theor. 5.</hi> Donc les espaces à parcourir par le mouuement uniforme de la regle, estant en progression arithmetique, les espaces à parcourir par le mouuement retardé sur la regle même seront en progression geometrique. Le même se</lem><note type="lemma-abbrev"><hi rendition="#g">theor. 5.</hi></note><rdg wit="#L" n="1"> Et le même se </rdg><rdg wit="#L" n="2" cause="addition"> Donc les <seg type="apparat-ellipsis"/> uniforme <note type="editorial">|</note> <add>de la regle</add> <note type="editorial"><hi rendition="#i">erg.</hi> |</note> , estant <seg type="apparat-ellipsis"/> retardé <app><rdg wit="#L" n="a">dans </rdg><rdg wit="#L" n="b">sur la <seg type="apparat-ellipsis"/> Le même se <hi rendition="#i">L</hi></rdg></app></rdg></app>
trouuant <app type="Bfootnote"><lem type="main">veritable, les intervalles <formula xml:id="Ch34.S4.p24.m59"><m:math xmlns:m="http://www.w3.org/1998/Math/MathML" display="inline"><m:mrow><m:mrow><m:mi>B</m:mi><m:mo>⁢</m:mo><m:mrow><m:mo stretchy="false">(</m:mo><m:mi>B</m:mi><m:mo stretchy="false">)</m:mo></m:mrow></m:mrow><m:mo>.</m:mo></m:mrow></m:math></formula> <formula xml:id="Ch34.S4.p24.m60"><m:math xmlns:m="http://www.w3.org/1998/Math/MathML" display="inline"><m:mrow><m:mrow><m:mo stretchy="false">(</m:mo><m:mi>B</m:mi><m:mo stretchy="false">)</m:mo></m:mrow><m:mo>⁢</m:mo><m:mrow><m:mo stretchy="false">(</m:mo><m:mrow><m:mo stretchy="false">(</m:mo><m:mi>B</m:mi><m:mo stretchy="false">)</m:mo></m:mrow><m:mo stretchy="false">)</m:mo></m:mrow></m:mrow></m:math></formula>,
ou <formula xml:id="Ch34.S4.p24.m61"><m:math xmlns:m="http://www.w3.org/1998/Math/MathML" display="inline"><m:mrow><m:mrow><m:mi>F</m:mi><m:mo>⁢</m:mo><m:mrow><m:mo stretchy="false">(</m:mo><m:mi>F</m:mi><m:mo stretchy="false">)</m:mo></m:mrow></m:mrow><m:mo>.</m:mo></m:mrow></m:math></formula> <formula xml:id="Ch34.S4.p24.m62"><m:math xmlns:m="http://www.w3.org/1998/Math/MathML" display="inline"><m:mrow><m:mrow><m:mo stretchy="false">(</m:mo><m:mi>F</m:mi><m:mo stretchy="false">)</m:mo></m:mrow><m:mo>⁢</m:mo><m:mrow><m:mo stretchy="false">(</m:mo><m:mrow><m:mo stretchy="false">(</m:mo><m:mi>F</m:mi><m:mo stretchy="false">)</m:mo></m:mrow><m:mo stretchy="false">)</m:mo></m:mrow></m:mrow></m:math></formula>
estant moindres qu’aucune ligne donnée; le lieu</lem><note type="lemma-abbrev">veritable,</note><rdg wit="#L" n="1"> quelques petits que </rdg><rdg wit="#L" n="2"> les intervalles <formula xml:id="Ch34.S4.p24.m63"><m:math xmlns:m="http://www.w3.org/1998/Math/MathML" display="inline"><m:mrow><m:mrow><m:mi>B</m:mi><m:mo>⁢</m:mo><m:mrow><m:mo stretchy="false">(</m:mo><m:mi>B</m:mi><m:mo stretchy="false">)</m:mo></m:mrow></m:mrow><m:mo>.</m:mo></m:mrow></m:math></formula> <app><rdg wit="#L" n="a">ou </rdg><rdg wit="#L" n="b"><formula xml:id="Ch34.S4.p24.m64"><m:math xmlns:m="http://www.w3.org/1998/Math/MathML" display="inline"><m:mrow><m:mrow><m:mo stretchy="false">(</m:mo><m:mi>B</m:mi><m:mo stretchy="false">)</m:mo></m:mrow><m:mo>⁢</m:mo><m:mrow><m:mo stretchy="false">(</m:mo><m:mrow><m:mo stretchy="false">(</m:mo><m:mi>B</m:mi><m:mo stretchy="false">)</m:mo></m:mrow><m:mo stretchy="false">)</m:mo></m:mrow></m:mrow></m:math></formula>, ou <seg type="apparat-ellipsis"/> donnée; <app><rdg wit="#L" n="aa">la ligne </rdg><rdg wit="#L" n="bb">le lieu <hi rendition="#i">L</hi></rdg></app></rdg></app></rdg></app>
<formula xml:id="Ch34.S4.p24.m65"><m:math xmlns:m="http://www.w3.org/1998/Math/MathML" display="inline"><m:mrow><m:mi>A</m:mi><m:mo>⁢</m:mo><m:mi>D</m:mi><m:mo>⁢</m:mo><m:mrow><m:mo stretchy="false">(</m:mo><m:mi>D</m:mi><m:mo stretchy="false">)</m:mo></m:mrow><m:mo>⁢</m:mo><m:mrow><m:mo stretchy="false">(</m:mo><m:mrow><m:mo stretchy="false">(</m:mo><m:mi>D</m:mi><m:mo stretchy="false">)</m:mo></m:mrow><m:mo stretchy="false">)</m:mo></m:mrow></m:mrow></m:math></formula>
qui passe par toutes les terminations des lignes Geometriquement proportionnelles,
et egalement distantes entre elles,
<formula xml:id="Ch34.S4.p24.m66"><m:math xmlns:m="http://www.w3.org/1998/Math/MathML" display="inline"><m:mrow><m:mrow><m:mi>F</m:mi><m:mo>⁢</m:mo><m:mi>D</m:mi></m:mrow><m:mo>.</m:mo></m:mrow></m:math></formula> <formula xml:id="Ch34.S4.p24.m67"><m:math xmlns:m="http://www.w3.org/1998/Math/MathML" display="inline"><m:mrow><m:mrow><m:mrow><m:mo stretchy="false">(</m:mo><m:mi>F</m:mi><m:mo stretchy="false">)</m:mo></m:mrow><m:mo>⁢</m:mo><m:mrow><m:mo stretchy="false">(</m:mo><m:mi>D</m:mi><m:mo stretchy="false">)</m:mo></m:mrow></m:mrow><m:mo>.</m:mo></m:mrow></m:math></formula> <formula xml:id="Ch34.S4.p24.m68"><m:math xmlns:m="http://www.w3.org/1998/Math/MathML" display="inline"><m:mrow><m:mrow><m:mo stretchy="false">(</m:mo><m:mrow><m:mo stretchy="false">(</m:mo><m:mi>F</m:mi><m:mo stretchy="false">)</m:mo></m:mrow><m:mo stretchy="false">)</m:mo></m:mrow><m:mo>⁢</m:mo><m:mrow><m:mo stretchy="false">(</m:mo><m:mrow><m:mo stretchy="false">(</m:mo><m:mi>D</m:mi><m:mo stretchy="false">)</m:mo></m:mrow><m:mo stretchy="false">)</m:mo></m:mrow></m:mrow></m:math></formula>
<app type="Bfootnote"><lem type="main">sera la ligne Logarithmique par la definition de cette courbe.<!--  \hack{\protect\\
\hspace*{7,5mm}Q.E.D.} --></lem><note type="lemma-abbrev">sera</note><rdg wit="#L" n="1"> Logarithmique. Ce qu’il falloit demonstrer. </rdg><rdg wit="#L" n="2"> la <app><rdg wit="#L" n="a">courbe </rdg><rdg wit="#L" n="b" cause="deletion">ligne Logarithmique <note type="editorial">|</note> <del>(</del> <note type="editorial"><hi rendition="#i">gestr.</hi> |</note> par la <seg type="apparat-ellipsis"/> Q.E.D. <hi rendition="#i">L</hi></rdg></app></rdg></app><!--  \hackfor{\parQ.E.D.} --></p><p xml:id="Ch34.S4.p25">Q.E.D.</p></div></div></body>
  </text>
</TEI>